Address,Country
100 S BROADWAY SLEEPY HOLLOW NY 10591,USA
AV. JOSE PAULINO; 1325 PAULINIA SP 13140-000 BRAZIL,BRA
JALAN MAWAR && JALAN BAKAWALI KAMPUNG PASIR BARU PUCHONG PETALING SELANGOR 47100,MYS
سكة 3557 السيب,OMN
Billdals Sommarväg Billdal Göteborg Västra Götalands Län 42737,SWE
J E Irausquin Boulevard 230 Palm Beach   ARUBA,ABW
日本 070-0810 北海道旭川市本町２丁目４３７－５１－５２,JPN
CALLE ESMERALDA && CALLE MARCELO T DE ALVEAR Buenos Aires,ARG
Vuka Kneževića Pljevlja 84210,MNE
SARMIENTO 656 ROSARIO   ARGENTINA,ARG
Paradise Island Drive Paradise Island   BAHAMAS,BHS
7 Coconut Drive San Pedro   BELIZE,BLZ
2 PORT ROYAL GOLF COURSE RD Southampton W   BERMUDA,BMU
Avenida Gabriel René Moreno Cochabamba,BOL
Upper Bay Street St Michael  BB11090 BARBADOS,BRB
2929 ST JOHN'S ST PORT MOODY BC V3H2C2 CANADA,CAN
ST JOHN'S ST PORT MOODY BC V3H2C2 CANADA,CAN
5742 UNSWORTH RD  CHILLIWACK V2R3A2,CAN
AV. INDEPENDENCIA 1068 SANTIAGO   CHILE,CHL
YAYINGSHI RD GUANGZHOU 5100,CHN
My Street Beijing,CHN
My Street Beijing 200020,CHN
201799上海上海市青安路,CHN
石桥路 198号 杭州市 浙江 310022,CHN
Carrera 7 #14-78; Bogotá; Cundinamarca; Colombia,COL
Ruta 2 Paramo 11911,CRI
CALLE RADILLO Havana   CUBA,CUB
Calle Juan Bautista Vicini 1 Boca Chica   DOMINICAN REPUBLIC,DOM
Av. Jose Vicente Trujillo Guayaquil   ECUADOR,ECU
20 CALLE 25-85 GUATEMALA  1000 GUATEMALA,GTM
294 Quamina Street Georgetown   GUYANA,GUY
Blvd Morazan 11 San Pedro Sula  21411 HONDURAS,HND
2 Gloucester Avenue Montego Bay   JAMAICA,JAM
Taylor's Street St. George Basseterre,KNA
CALLE 9 NO. 400 MERIDA  97130 MEXICO,MEX
PASEO TISCAPA Managua   NICARAGUA,NIC
Calle El Cangrejo; Bella Vista Panama City  0819-09389 PANAMA,PAN
CALLE LAS BEGONIAS 453-457 LIMA LIMA 51 PERU,PER
DE LAS RESIDENTAS 1075 CENTRAL ASUNCION   PARAGUAY,PRY
CALLE PADRES AGUILAR San Salvador   EL SALVADOR,SLV
GOEDE VERWACHTINGWEG 87 Paramaribo   SURINAME,SUR
Marcano Tunapunas-Piarco,TTO
AGRACIADA 2986 MONTEVIDEO  11700 URUGUAY,URY
Avenida Francisco de Miranda Caracas   VENEZUELA,VEN
SHOP 120 289-295 SUSSEX STREET SYDNEY NSW 2000,AUS
JALAN 82 BE3319 Gadong A,BRN
8 Fung Yip Street Eastern District,HKG
Lai King Hill Road && Wa Lai Path HONG KONG,HKG
新界棣欐腐元朗屏山孖峰嶺路 39號,HKG
8 HANG TAU ROAD KWU TUNG Hong Kong,HKG
JLN. PLUIT KENCANA JAKARTA   INDONESIA,IDN
MAIN CHANDIVALI FARM ROAD MUMBAI MAHARASHTRA  INDIA,IND
2-16-1 Konan Minato-Ku; Tokyo,JPN
Praca De Ponte e Horta; No 4-6 Macau   MACAU,MAC
JALAN KEMAJUAN SUBANG SUBANG JAYA  47500 MALAYSIA,MYS
PARCEL NO LOT NO 18 JALAN NAGASARI F 36/FLATANIA TOWN CENTRE PROJECT 81FC86590A08D5336120204095E252E5 MUKIM KLANG DISTRICT Selangor 41200,MYS
LEBUHRAYA UTARA SELATAN ALOR MERAH KOTA SETAR KEDAH,MYS
44 RANGITIKEI STREET PALMERSTON NORTH  4410 NEW ZEALAND,NZL
RANGITIKEI STREET PALMERSTON NORTH  4410 NEW ZEALAND,NZL
115 C M  RECTO AVE DAVAO CITY  8000 PHILIPPINES,PHL
BLK 118 RIVERVALE DR SINGAPORE  540118 SINGAPORE,SGP
SENG POH ROAD && SENG POH LANE 160000,SGP
THANON SUKHUMVIT 71 RD.   10110 THAILAND,THA
No. 63; Songjiang Rd. Taipei  10455 TAIWAN,TWN
Đường HỒ CHÍ MINH ĐA KRÔNG A BUNG QUẢNG TRỊ,VNM
Sheshi Skënderbej 1; Tirana; Albania,ALB
SALURNER STR 15 INNSBRUCK  6020 AUSTRIA,AUT
74/2 Rue Potaerdegat SINT-JANS-MOLENBEEK 1080,BEL
Handelsstraat && Montoyerstraat Brussel,BEL
16 Omladinska  71320 Vogosca Sarajevo,BIH
HAUPTSTRASSE 60 KRIEGSTETTEN  4566 SWITZERLAND,CHE
Ορθοδοξίας Λάρνακα Λάρνακα Αραδίππου Αραδίππου Άγιος Φανούριος Άγιος Φανούριος 7101,CYP
Kallikratous Aradippou Larnaka 7104,CYP
Třeneckého 17a Ostrava 71600,CZE
KUTNOHORSKA 273 KOLIN,CZE
Kirchgasse 10  97274 Leinach,DEU
Christian 3 Vej 17 Kolding 6000,DNK
Østre Vindingevej && Naturparken Roskilde,DNK
Saekoja 36a-212   50107 Tartu,EST
HAVUSELANTIE 1 KOSKENKORVA  61330 FINLAND,FIN
2 Boulevard de Neuilly la defense,FRA
Ακτή Μιαούλη Αττική Μαρκοπούλου Μεσογαίας Ανατολική Αττική Αγία Τριάδα,GRC
9 ETHNOMARTYRON ST. TRIPOLI  22100 GREECE,GRC
Ulica Andrije Hebranga 116A Dubrovnik  20000 CROATIA,HRV
DAMJANICH U. 29. SZAZHALOMBATTA  2440 HUNGARY,HUN
124D/124E Emmet Road Arbour Hill Dublin Dublin DUBLIN8,IRL
Mourne Road && Comeragh Road Dublin,IRL
STADARBAKKI 16   109 REYKJAVIK,ISL
VIA MONTRIGONE 42 BORGOSESIA  13011 ITALY,ITA
297  - 9 Gyenam-ro Chunui-dong Bucheon-si Gyeonggi-do 14527,KOR
VILKAVISKIO STR. 72 MARIJAMPOLE  68171 LITHUANIA,LTU
11 STACIJAS STR. VALMIERA  LV-4201 LATVIA,LVA
Ulica Blagoja Stevkovski-2 Skopje Skopski,MKD
Triq il-Kbira Il-Mosta,MLT
Попа Јола Зеца Будва 85310,MNE
Prins Hendrikkade 193D Amsterdam 1011,NLD
Starnmeerdijk && Provincialeweg Markenbinnen,NLD
Kjolberggaten 29 Oslo  653 NORWAY,NOR
PL. STARY RYNEK 2 SLUPSK   POLAND,POL
AVENIDA DA LIBERDADE; 49 A SESIMBRA  2970000 PORTUGAL,PRT
DJ172A Țaga Cluj 407565,ROU
1-я Мякининскoя улица 1 143420,RUS
LENINSKIY PR-T; D.101 MOSKVA  119421 RUSSIA,RUS
Улица Далматинска Војводина Војводина Северно-Бачки Северно-Бачки Суботица 24118,SRB
Ulica Hvijezdoslavova Kovačica Južno-Banatski Voivodina 26210,SRB
199A Chorvátska Šenkvice Pezinok Bratislavský kraj 90081,SVK
ODBOJÁROV && VAJNORSKÁ 83104,SVK
SMARTINSKA CESTA  152 LJUBLJANA  1000 SLOVENIA,SVN
KORUTURK MAHALLESI MITHATPASA CADDESI DIS KAPI 253 IZMIR  35330 TURKEY,TUR
Залізнична вулиця Таромське Дніпропетровськ Дніпропетровськ Дніпропетровська область,UKR
16/12; PYLYPA ORLYKA STREET UA KIEV,UKR
Rruga Bahri Kuçi Vushtrri,XKX
150 COMMISSIONER STREET JOHANNESBURG  2001 SOUTH AFRICA,ZAF
Largo 4 de Fevereiro 4 LUANDA  5791 ANGOLA,AGO
الشارع العاشر أبوظبي أبوظبي     أبوظبي أبوظبي  المركزية 12 المركزية 12,ARE
Sheikh Mohammed Bin Zayed Road Al Barsha South Fifth Dubai,ARE
Avenue Belvedere Bujumbura  2980 BURUNDI,BDI
AVENUE DE LA REPUBLIQUE Cotonou   BENIN,BEN
RUE ZOONOGO PROSPER Ouagadougou   BURKINA FASO,BFA
طريق الشيخ سلمان مدينة عيسى,BHR
Al Khalifa Avenue Manama  3252 BAHRAIN,BHR
BLUE JACKET STREET FRANCISTOWN   BOTSWANA,BWA
Boulevard Du 20 Mai Yaounde  11852 CAMEROON,CMR
RUE BOMBALA N'DJILI,COD
AVENUE DES PREMIERS JEUX AFRICAINS Brazzaville   CONGO,COG
122 rue des martyrs halimi   18000 jijel,DZA
مساكن بنك الإسكان و التعمير الفيوم الفيوم  الفيوم الفيوم  قسم الفيوم قسم الفيوم الفيوم قسم ثان قسم ثان,EGY
13 Aswan Square Mohandesin    Cairo,EGY
42T Rue de la Haute Moline Saint-Julien-les-Villas 10800,FRA
CHEMIN DE GAILLAGUES Albi 81000,FRA
Boulevard de l'Independance LIBREVILLE  0 GABON,GAB
Liberation Road Accra  16033 GHANA,GHA
Saadoun Street Baghdad,IRQ
شارع أم حبيبه عمان عمان  عمان عمان  عمان عمان  منطقة النصر منطقة النصر,JOR
ABD AL QADER AL HUSSEINI STREET Irbid,JOR
EMBAKASI ROAD NAIROBI   KENYA,KEN
وصلة الدوحة السريعة    العاصمة العاصمة  ميناء الدوحة ميناء الدوحة  ميناء الدوحة 1 ميناء الدوحة,KWT
Zarqa Al Yamama Street Hawally   KUWAIT,KWT
شارع ارمينيا بيروت بيروت     بيروت بيروت  الجسر الجسر,LBN
BOURJ ABI HAIDAR STREET BEIRUT   LEBANON,LBN
NALEDI SEKAMANEG ROAD Khubetsoana   LESOTHO,LSO
Rue Paris; Quartier Hivernage Marrakech  40000 MOROCCO,MAR
Rue 255 Bamako,MLI
Avenida Julius Nyerere 1380 Maputo  100 MOZAMBIQUE,MOZ
Avenue Abdel Nasser Nouakchott,MRT
Frere Felix de Valois Street Port Louis   MAURITIUS,MUS
33 Chilomoni Ring Road Blantyre   MALAWI,MWI
111A Joseph Mukwayu Ithana Street Windhoek  9000 NAMIBIA,NAM
Boulevard Mali Bero Niamey   NIGER,NER
70 International Airport Road Lagos   NIGERIA,NGA
Mutrah Street; Jibro Muscat  1131 OMAN,OMN
Bairro Calvario 9 Chaves,PRT
AVENIDA DAS FORCAS ARMADAS 230 ABRANTES 2200-300,PRT
شارع سنان بن تيم       الدوحة الدوحة  أم نخبا أم نخبا,QAT
Al Matar Street Doha  200000 QATAR,QAT
Boulevard De L'Umuganda Kigali  7251 RWANDA,RWA
شارع 11 المنطقة الشرقية المنطقة الشرقية     الدمام الدمام  الروضة الروضة,SAU
AL NAKHEEL St BURAIDAH  11525 SAUDI ARABIA,SAU
Avenue Abdoulaye Fadiga No 2 Dakar  18524 SENEGAL,SEN
Kungsgatan 90 112 27 Stockholm ,SWE
MEINTUES STREET Manzini   SWAZILAND,SWZ
AVENUE SARRAUT QUARTIER ADMINISTRATIF,TGO
Avenue des Nations Unies Hammamet  8050 TUNISIA,TUN
Morogoro Road Dar Es Salaam  64 TANZANIA,TZA
Plot 23 31 Circular Road Entebbe  256 UGANDA,UGA
شارع الجزائر أمانة العاصمة أمانة العاصمة     صنعاء صنعاء  الوحدة الوحدة,YEM
Tunis Street Sana'a,YEM
NGWERERE AVENUE Lusaka   ZAMBIA,ZMB
JOSIAH CHINAMANO ROAD Bulawayo   ZIMBABWE,ZWE
Carretera de la Plana 93 Andorra la Vella  AD500 ANDORRA,AND
AV. PRINCEP BENLLOCH 7 ANDORRA LA VELLA   ANDORRA,AND
Rue Goethe 32 Luxembourg   LUXEMBOURG,BEL
Feldkircherstrasse 1 Schaan  9494 LIECHTENSTEIN,CHE
Churer Strasse 10 Nendeln  9485 LIECHTENSTEIN,CHE
Carretera de la Plana 93 Andorra la Vella  AD500 ANDORRA,ESP
AV. PRINCEP BENLLOCH 7 ANDORRA LA VELLA   ANDORRA,ESP
3 EUROPA ROAD GIBRALTAR   GIBRALTAR,ESP
Avenue Léopold Sédar Senghor Kourou  97300 FRENCH GUIANA,FRA
366 Impasse des Trompettes Petit-Bourg  97100 GUADELOUPE,FRA
N1 Koungou  97600 MAYOTTE,FRA
7A Chemin de la Caverne Saint-Paul  97400 REUNION,FRA
16 Boulevard Princesse Charlotte Monaco  98000 MONACO,FRA
22 Avenue Princesse Grace Monaco  98000 MONACO,FRA
La Prairie Le Francois  97240 MARTINIQUE,FRA
51 Domaine de Belfond Sainte-Anne  97227 MARTINIQUE,FRA
3 EUROPA ROAD GIBRALTAR   GIBRALTAR,GIB
366 Impasse des Trompettes Petit-Bourg  97100 GUADELOUPE,GLP
Avenue Léopold Sédar Senghor Kourou  97300 FRENCH GUIANA,GUF
Via Vittorio Scialoja Borgo Maggiore San Marino 47893 SAN MARINO,ITA
Via Tunica Città del Vaticano  120 VATICAN CITY,ITA
Feldkircherstrasse 1 Schaan  9494 LIECHTENSTEIN,LIE
Churer Strasse 10 Nendeln  9485 LIECHTENSTEIN,LIE
Rue Goethe 32 Luxembourg   LUXEMBOURG,LUX
16 Boulevard Princesse Charlotte Monaco  98000 MONACO,MCO
22 Avenue Princesse Grace Monaco  98000 MONACO,MCO
La Prairie Le Francois  97240 MARTINIQUE,MTQ
51 Domaine de Belfond Sainte-Anne  97227 MARTINIQUE,MTQ
N1 Koungou  97600 MAYOTTE,MYT
7A Chemin de la Caverne Saint-Paul  97400 REUNION,REU
Via Vittorio Scialoja Borgo Maggiore San Marino 47893 SAN MARINO,SMR
Via Tunica Città del Vaticano  120 VATICAN CITY,VAT
Via Tunica Città del Vaticano  120 VATICAN CITY,
Via Tunica Città del Vaticano  120 VATICAN CITY VAT,